loss,accuracy,lr
0.7040905356407166,0.6000000238418579,0.001
0.638045072555542,0.75,0.001
0.616590678691864,0.699999988079071,0.001
0.524516224861145,0.800000011920929,0.001
0.5832391977310181,0.699999988079071,0.001
0.4125320017337799,0.8500000238418579,0.001
0.6277756690979004,0.6000000238418579,0.001
0.6311872005462646,0.699999988079071,0.001
0.4880000948905945,0.800000011920929,0.001
0.4866364598274231,0.800000011920929,0.001
0.4395787715911865,0.800000011920929,0.001
0.36184409260749817,0.800000011920929,0.001
0.5699419975280762,0.8500000238418579,0.001
0.5622125864028931,0.699999988079071,0.001
0.6111270785331726,0.550000011920929,0.001
0.6132640838623047,0.75,0.001
0.45232805609703064,0.800000011920929,0.001
0.40656131505966187,0.800000011920929,0.001
0.41231584548950195,0.75,0.001
0.6035451889038086,0.75,0.001
0.5524978041648865,0.75,0.001
0.48343339562416077,0.800000011920929,0.001
0.4661964476108551,0.8500000238418579,0.001
0.4301719665527344,0.8999999761581421,0.001
0.4312267303466797,0.8500000238418579,0.001
0.3885895311832428,0.8999999761581421,0.001
0.4965834617614746,0.699999988079071,0.001
0.3364987373352051,0.800000011920929,0.001
0.2392338216304779,0.949999988079071,0.001
0.5842434167861938,0.699999988079071,0.001
0.6241253614425659,0.6000000238418579,0.001
0.4560214579105377,0.800000011920929,0.001
0.32350093126296997,0.8999999761581421,0.001
0.5078361630439758,0.699999988079071,0.001
0.4581279158592224,0.8500000238418579,0.001
0.41224774718284607,0.800000011920929,0.001
0.5109227299690247,0.699999988079071,0.001
0.5210939645767212,0.699999988079071,0.001
0.500573456287384,0.699999988079071,0.001
0.41801270842552185,0.8500000238418579,0.001
0.4334561228752136,0.8999999761581421,0.001
0.5215049982070923,0.699999988079071,0.001
0.48797377943992615,0.699999988079071,0.001
0.48223742842674255,0.75,0.001
0.5337494611740112,0.6499999761581421,0.001
0.2562231123447418,0.8999999761581421,0.001
0.27093011140823364,0.8999999761581421,0.001
0.49238404631614685,0.800000011920929,0.001
0.5764500498771667,0.6499999761581421,0.001
0.3489020764827728,0.949999988079071,0.001
0.4676831364631653,0.75,0.001
0.24864773452281952,0.8999999761581421,0.001
0.23234650492668152,0.8999999761581421,0.001
0.5157330632209778,0.699999988079071,0.001
0.5386503338813782,0.699999988079071,0.001
0.36906376481056213,0.8999999761581421,0.001
0.3619533181190491,0.8500000238418579,0.001
0.5834637880325317,0.6499999761581421,0.001
0.3038361072540283,0.8999999761581421,0.001
0.4848426878452301,0.75,0.001
0.23147860169410706,0.949999988079071,0.001
0.5063521862030029,0.800000011920929,0.001
0.514409065246582,0.800000011920929,0.001
0.3319438099861145,0.800000011920929,0.001
0.4311068654060364,0.75,0.001
0.5285418629646301,0.699999988079071,0.001
0.3045169711112976,0.8500000238418579,0.001
0.36719775199890137,0.75,0.001
0.3234643340110779,0.800000011920929,0.001
0.3273603320121765,0.8500000238418579,0.001
0.42467230558395386,0.800000011920929,0.001
0.36974355578422546,0.8500000238418579,0.001
0.3318024277687073,0.8500000238418579,0.001
0.41277140378952026,0.800000011920929,0.001
0.43793267011642456,0.75,0.001
0.4572833180427551,0.800000011920929,0.001
0.22672906517982483,0.949999988079071,0.001
0.3865220546722412,0.75,0.001
0.3646268844604492,0.800000011920929,0.001
0.3864385485649109,0.8500000238418579,0.001
0.2712484896183014,0.8999999761581421,0.001
0.3078017234802246,0.8500000238418579,0.001
0.46362143754959106,0.800000011920929,0.001
0.2689608335494995,1.0,0.001
0.4218296408653259,0.800000011920929,0.001
0.3946581780910492,0.8999999761581421,0.001
0.28650426864624023,0.8999999761581421,0.001
0.18670791387557983,1.0,0.001
0.2889482378959656,0.949999988079071,0.001
0.29287227988243103,0.949999988079071,0.001
0.40620049834251404,0.800000011920929,0.001
0.28057655692100525,0.8999999761581421,0.001
0.274341881275177,0.8500000238418579,0.001
0.24912822246551514,0.949999988079071,0.001
0.2965921461582184,0.949999988079071,0.001
0.34288424253463745,0.8500000238418579,0.001
0.33531251549720764,0.8999999761581421,0.001
0.3235836625099182,0.8500000238418579,0.001
0.23018816113471985,0.949999988079071,0.001
0.168183371424675,0.949999988079071,0.001
0.15979160368442535,0.949999988079071,0.001
0.3636391758918762,0.75,0.001
0.3430126905441284,0.8999999761581421,0.001
0.35295915603637695,0.8500000238418579,0.001
0.3408951163291931,0.8500000238418579,0.001
0.09573166817426682,1.0,0.001
0.3705143928527832,0.8999999761581421,0.001
0.3390822112560272,0.8999999761581421,0.001
0.20927119255065918,0.8999999761581421,0.001
0.4151577055454254,0.800000011920929,0.001
0.6237417459487915,0.6499999761581421,0.001
0.5160733461380005,0.75,0.001
0.5401898622512817,0.699999988079071,0.001
0.3845224976539612,0.800000011920929,0.001
0.48608022928237915,0.800000011920929,0.001
0.4556191861629486,0.800000011920929,0.001
0.4498089849948883,0.699999988079071,0.001
0.40257328748703003,0.75,0.001
0.40502557158470154,0.800000011920929,0.001
0.2591400742530823,0.949999988079071,0.001
0.43889451026916504,0.75,0.001
0.21138007938861847,0.949999988079071,0.001
0.19864186644554138,0.8999999761581421,0.001
0.3926854133605957,0.800000011920929,0.001
0.2959892451763153,0.8500000238418579,0.001
0.2949606478214264,0.8500000238418579,0.001
0.35791391134262085,0.75,0.001
0.4209928512573242,0.75,0.001
0.1930650770664215,0.949999988079071,0.001
0.2728058397769928,0.800000011920929,0.001
0.31326207518577576,0.8500000238418579,0.001
0.22369477152824402,1.0,0.001
0.3427000641822815,0.8500000238418579,0.001
0.3014807403087616,0.800000011920929,0.001
0.29267609119415283,0.8500000238418579,0.001
0.29274120926856995,0.8999999761581421,0.001
0.170598566532135,0.949999988079071,0.001
0.25630468130111694,0.8999999761581421,0.001
0.3183780610561371,0.8500000238418579,0.001
0.40035802125930786,0.800000011920929,0.001
0.29728513956069946,0.8999999761581421,0.001
0.3561479151248932,0.800000011920929,0.001
0.25859200954437256,0.8999999761581421,0.001
0.22502216696739197,0.949999988079071,0.001
0.29047030210494995,0.8500000238418579,0.001
0.21068844199180603,1.0,0.001
0.21038880944252014,0.949999988079071,0.001
0.19370904564857483,1.0,0.001
0.245884507894516,0.8999999761581421,0.001
0.21238183975219727,0.8999999761581421,0.001
0.3999647796154022,0.8500000238418579,0.001
0.3198864459991455,0.8500000238418579,0.001
0.3126975893974304,0.8500000238418579,0.001
0.2667694389820099,0.800000011920929,0.001
0.2272394895553589,0.949999988079071,0.001
0.23532769083976746,0.8999999761581421,0.001
0.13010874390602112,1.0,0.0005
0.18402275443077087,0.949999988079071,0.0005
0.15914544463157654,1.0,0.0005
0.2051229029893875,0.8999999761581421,0.0005
0.28641432523727417,0.949999988079071,0.0005
0.1765030324459076,1.0,0.0005
0.18571610748767853,0.949999988079071,0.0005
0.17601530253887177,0.949999988079071,0.0005
0.23381130397319794,0.949999988079071,0.0005
0.21393713355064392,0.949999988079071,0.0005
0.17991408705711365,1.0,0.0005
0.2549595534801483,0.8999999761581421,0.0005
0.14993323385715485,1.0,0.0005
0.1561974138021469,1.0,0.0005
0.3165186047554016,0.8999999761581421,0.0005
0.20925278961658478,0.949999988079071,0.0005
0.10964573919773102,1.0,0.0005
0.1101318821310997,0.949999988079071,0.0005
0.14679118990898132,1.0,0.0005
0.2512497901916504,1.0,0.0005
0.10364124923944473,1.0,0.0005
0.21435275673866272,1.0,0.0005
0.15340492129325867,1.0,0.0005
0.14239570498466492,1.0,0.0005
0.09698715060949326,0.949999988079071,0.0005
0.1064453125,0.949999988079071,0.0005
0.1815256029367447,1.0,0.0005
0.19293764233589172,1.0,0.0005
0.14197960495948792,1.0,0.0005
0.2283378392457962,0.949999988079071,0.0005
0.19809290766716003,0.949999988079071,0.0005
0.18384984135627747,1.0,0.0005
0.15462124347686768,1.0,0.0005
0.15174534916877747,1.0,0.0005
0.17473962903022766,1.0,0.0005
0.15035387873649597,1.0,0.0005
0.14646875858306885,1.0,0.0005
0.13661566376686096,0.949999988079071,0.0005
0.10861953347921371,1.0,0.0005
0.17599967122077942,1.0,0.0005
0.18840965628623962,0.949999988079071,0.0005
0.18794701993465424,1.0,0.0005
0.17165084183216095,1.0,0.0005
0.18087348341941833,0.949999988079071,0.0005
0.0897677093744278,1.0,0.0005
0.11862435191869736,1.0,0.0005
0.12380518764257431,1.0,0.0005
0.2773502767086029,0.8999999761581421,0.0005
0.12379227578639984,1.0,0.0005
0.20003744959831238,0.949999988079071,0.0005
0.20853130519390106,0.949999988079071,0.0005
0.14594966173171997,0.949999988079071,0.0005
0.22310836613178253,0.949999988079071,0.0005
0.15853798389434814,1.0,0.0005
0.22092986106872559,1.0,0.0005
0.14770939946174622,1.0,0.0005
0.06773890554904938,1.0,0.0005
0.18049627542495728,1.0,0.0005
0.2194599211215973,1.0,0.0005
0.06644231081008911,1.0,0.0005
0.12378845363855362,1.0,0.0005
0.11636646836996078,1.0,0.0005
0.12523579597473145,1.0,0.0005
0.17174768447875977,1.0,0.0005
0.06593472510576248,1.0,0.0005
0.10755603015422821,1.0,0.0005
0.10169009119272232,1.0,0.0005
0.162628173828125,1.0,0.0005
0.15631890296936035,1.0,0.0005
0.10092286020517349,1.0,0.0005
0.13701358437538147,1.0,0.0005
0.14540183544158936,0.949999988079071,0.0005
0.167404443025589,0.8999999761581421,0.0005
0.1939876526594162,0.8999999761581421,0.0005
0.13136263191699982,0.949999988079071,0.0005
0.13214585185050964,1.0,0.0005
0.15231874585151672,0.949999988079071,0.0005
0.16196928918361664,1.0,0.0005
0.15422272682189941,1.0,0.0005
0.1525985449552536,0.949999988079071,0.0005
0.19082693755626678,1.0,0.0005
0.17549097537994385,1.0,0.0005
0.15724465250968933,1.0,0.0005
0.143082395195961,0.949999988079071,0.0005
0.12317398935556412,1.0,0.0005
0.1337732970714569,1.0,0.0005
0.14429035782814026,1.0,0.0005
0.12839703261852264,0.949999988079071,0.0005
0.15708594024181366,1.0,0.0005
0.18561682105064392,1.0,0.0005
0.15590783953666687,1.0,0.0005
0.1949716955423355,0.8999999761581421,0.0005
0.1805189847946167,0.949999988079071,0.0005
0.09335896372795105,1.0,0.0005
0.07843051850795746,1.0,0.0005
0.11414764821529388,1.0,0.0005
0.11717785894870758,0.949999988079071,0.0005
0.09580216556787491,1.0,0.0005
0.09779959172010422,1.0,0.0005
0.1403835415840149,0.949999988079071,0.0005
0.14327779412269592,0.949999988079071,0.0005
0.1298772096633911,1.0,0.0005
0.18120697140693665,0.949999988079071,0.0005
0.12899965047836304,1.0,0.0005
0.15219004452228546,1.0,0.0005
0.09912752360105515,1.0,0.0005
0.06403626501560211,1.0,0.0005
0.07481783628463745,1.0,0.0005
0.09433361142873764,1.0,0.0005
0.14828148484230042,1.0,0.0005
0.1880367398262024,0.949999988079071,0.0005
0.1417730301618576,1.0,0.0005
0.10296030342578888,1.0,0.0005
0.15841086208820343,1.0,0.0005
0.13549189269542694,1.0,0.0005
0.094900943338871,1.0,0.0005
0.08827514946460724,1.0,0.0005
0.06450410187244415,1.0,0.0005
0.08340097963809967,1.0,0.0005
0.07322119176387787,1.0,0.0005
0.13974691927433014,1.0,0.0005
0.07747252285480499,1.0,0.0005
0.1428060233592987,1.0,0.0005
0.1247997060418129,1.0,0.0005
0.11480860412120819,1.0,0.0005
0.12946836650371552,1.0,0.0005
0.06862139701843262,1.0,0.0005
0.09617910534143448,1.0,0.0005
0.07022203505039215,1.0,0.0005
0.09044884890317917,1.0,0.0005
0.09266176074743271,1.0,0.0005
0.10998080670833588,1.0,0.0005
0.0732191801071167,1.0,0.0005
0.1174001693725586,1.0,0.0005
0.06948203593492508,1.0,0.0005
0.07874718308448792,1.0,0.0005
0.07370715588331223,1.0,0.0005
0.09345771372318268,1.0,0.0005
0.03866616636514664,1.0,0.0005
0.06290452182292938,1.0,0.0005
0.08074485510587692,1.0,0.0005
0.06772398203611374,1.0,0.0005
0.08134238421916962,1.0,0.0005
0.09883083403110504,1.0,0.0005
0.1143348217010498,1.0,0.0005
0.08729155361652374,1.0,0.0005
0.058715708553791046,1.0,0.0005
0.09695983678102493,1.0,0.0005
0.08783361315727234,1.0,0.0005
0.06914928555488586,1.0,0.0005
0.11610627174377441,1.0,0.0005
0.07622875273227692,1.0,0.0005
0.08583351224660873,1.0,0.0005
0.07534389942884445,1.0,0.0005
0.0675906389951706,1.0,0.0005
0.0594460591673851,1.0,0.0005
0.10705552250146866,1.0,0.0005
0.07603588700294495,1.0,0.0005
0.100995734333992,1.0,0.0005
0.22977080941200256,0.8500000238418579,0.0005
0.1264338195323944,0.949999988079071,0.0005
0.14841541647911072,1.0,0.0005
0.07054570317268372,1.0,0.0005
0.05244380980730057,1.0,0.0005
0.08889150619506836,1.0,0.0005
0.11600178480148315,1.0,0.0005
0.12492134422063828,1.0,0.0005
0.11790288984775543,1.0,0.0005
0.11017076671123505,1.0,0.0005
0.11216142028570175,1.0,0.0005
0.0843786746263504,1.0,0.0005
0.048638537526130676,1.0,0.0005
0.07249028980731964,1.0,0.0005
0.11675842106342316,1.0,0.0005
0.13440364599227905,1.0,0.0005
0.35834169387817383,0.800000011920929,0.0005
0.07234948873519897,1.0,0.0005
0.2273438423871994,0.8999999761581421,0.0005
0.21482539176940918,0.949999988079071,0.0005
0.19909033179283142,0.8999999761581421,0.0005
0.07461393624544144,1.0,0.0005
0.0839635580778122,1.0,0.0005
0.14617402851581573,1.0,0.0005
0.0980258509516716,1.0,0.0005
0.10013524442911148,1.0,0.0005
0.07150019705295563,1.0,0.0005
0.06566675007343292,1.0,0.0005
0.1103455051779747,0.949999988079071,0.0005
0.07463394105434418,1.0,0.0005
0.08794708549976349,1.0,0.00025
0.05682952329516411,1.0,0.00025
0.033374931663274765,1.0,0.00025
0.055265266448259354,1.0,0.00025
0.060652684420347214,1.0,0.00025
0.08545559644699097,1.0,0.00025
0.05800623819231987,1.0,0.00025
0.07141705602407455,1.0,0.00025
0.06695432215929031,1.0,0.00025
0.0394158735871315,1.0,0.00025
0.04712991416454315,1.0,0.00025
0.03842424601316452,1.0,0.00025
0.08499645441770554,1.0,0.00025
0.034038860350847244,1.0,0.00025
0.038700930774211884,1.0,0.00025
0.04212108999490738,1.0,0.00025
0.053264033049345016,1.0,0.00025
0.06238178163766861,1.0,0.00025
0.03640275076031685,1.0,0.00025
0.04854437708854675,1.0,0.00025
0.05003107339143753,1.0,0.00025
0.034923262894153595,1.0,0.00025
0.03883766755461693,1.0,0.00025
0.057618945837020874,1.0,0.00025
0.04020470753312111,1.0,0.00025
0.07665491849184036,1.0,0.00025
0.042103350162506104,1.0,0.00025
0.022617794573307037,1.0,0.00025
0.04497062414884567,1.0,0.00025
0.0211980901658535,1.0,0.00025
0.020229952409863472,1.0,0.00025
0.043109994381666183,1.0,0.00025
0.016060754656791687,1.0,0.00025
0.05393946170806885,1.0,0.00025
0.044975947588682175,1.0,0.00025
0.03167114406824112,1.0,0.00025
0.017759565263986588,1.0,0.00025
0.05926724150776863,1.0,0.00025
0.051884789019823074,1.0,0.00025
0.040262024849653244,1.0,0.00025
0.022657599300146103,1.0,0.00025
0.08720050752162933,1.0,0.00025
0.05380076915025711,1.0,0.00025
0.07353917509317398,1.0,0.00025
0.04618522524833679,1.0,0.00025
0.03181690722703934,1.0,0.00025
0.039519187062978745,1.0,0.00025
0.07157033681869507,1.0,0.00025
0.05245186761021614,1.0,0.00025
0.04118533805012703,1.0,0.00025
0.03158801048994064,1.0,0.00025
0.08573580533266068,1.0,0.00025
0.0848802700638771,1.0,0.00025
0.049003828316926956,1.0,0.00025
0.0734957903623581,1.0,0.00025
0.019776443019509315,1.0,0.00025
0.032768793404102325,1.0,0.00025
0.045983362942934036,1.0,0.00025
0.05419706553220749,1.0,0.00025
0.03905465826392174,1.0,0.00025
0.03931330516934395,1.0,0.00025
0.036340631544589996,1.0,0.00025
0.023482374846935272,1.0,0.00025
0.06292601674795151,1.0,0.00025
0.04505392163991928,1.0,0.00025
0.07934582978487015,1.0,0.00025
0.05185500532388687,1.0,0.00025
0.022963937371969223,1.0,0.00025
0.04708729311823845,1.0,0.00025
0.03377116098999977,1.0,0.00025
0.02244548872113228,1.0,0.00025
0.05087736248970032,1.0,0.00025
0.038712527602910995,1.0,0.00025
0.018547330051660538,1.0,0.00025
0.034344278275966644,1.0,0.00025
0.027142371982336044,1.0,0.00025
0.06075342744588852,1.0,0.00025
0.04392514377832413,1.0,0.00025
0.037735775113105774,1.0,0.00025
0.023112967610359192,1.0,0.00025
0.03705660626292229,1.0,0.00025
0.02341483160853386,1.0,0.00025
0.0223471038043499,1.0,0.00025
0.04510728269815445,1.0,0.000125
0.033546414226293564,1.0,0.000125
0.04595255106687546,1.0,0.000125
0.0412466824054718,1.0,0.000125
0.029286731034517288,1.0,0.000125
0.023035332560539246,1.0,0.000125
0.023725736886262894,1.0,0.000125
0.04372929781675339,1.0,0.000125
0.01434866338968277,1.0,0.000125
0.037318162620067596,1.0,0.000125
0.025332948192954063,1.0,0.000125
0.017321093007922173,1.0,0.000125
0.03698904812335968,1.0,0.000125
0.03258633613586426,1.0,0.000125
0.03407251089811325,1.0,0.000125
0.03932284563779831,1.0,0.000125
0.03176864609122276,1.0,0.000125
0.02409329265356064,1.0,0.000125
0.04073469340801239,1.0,0.000125
0.03847181051969528,1.0,0.000125
0.0191772673279047,1.0,0.000125
0.020246639847755432,1.0,0.000125
0.029725372791290283,1.0,0.000125
0.04321354255080223,1.0,0.000125
0.02788776531815529,1.0,0.000125
0.01664765737950802,1.0,0.000125
0.021994123235344887,1.0,0.000125
0.013823539018630981,1.0,0.000125
0.028347596526145935,1.0,0.000125
0.015830472111701965,1.0,0.000125
0.047788213938474655,1.0,0.000125
0.030216533690690994,1.0,0.000125
0.04586294665932655,1.0,0.000125
0.03174935653805733,1.0,0.000125
0.032481759786605835,1.0,0.000125
0.02006673440337181,1.0,0.000125
0.037778936326503754,1.0,0.000125
0.05920274183154106,1.0,0.000125
0.02187177538871765,1.0,0.000125
0.030571702867746353,1.0,0.000125
0.024365246295928955,1.0,0.000125
0.016999604180455208,1.0,0.000125
0.05192217230796814,1.0,0.000125
0.03160443156957626,1.0,0.000125
0.03666313365101814,1.0,0.000125
0.029617134481668472,1.0,0.000125
0.024809455499053,1.0,0.000125
0.02106703817844391,1.0,0.000125
0.04028516262769699,1.0,0.000125
0.023471076041460037,1.0,0.000125
0.06280214339494705,1.0,0.000125
0.04890726879239082,1.0,0.000125
0.01798868551850319,1.0,0.000125
0.018766403198242188,1.0,0.000125
0.020852696150541306,1.0,0.000125
0.018164250999689102,1.0,0.000125
0.021095432341098785,1.0,0.000125
0.029250603169202805,1.0,0.000125
0.03661048412322998,1.0,0.000125
0.04177218675613403,1.0,0.000125
0.02307082898914814,1.0,0.000125
0.02721525728702545,1.0,0.000125
0.017039556056261063,1.0,0.000125
0.03410382941365242,1.0,0.000125
0.026651183143258095,1.0,0.000125
0.026380594819784164,1.0,0.000125
0.013561388477683067,1.0,0.000125
0.03757018968462944,1.0,0.000125
0.03699873015284538,1.0,0.000125
0.014348378404974937,1.0,0.000125
0.012254391796886921,1.0,0.000125
0.03250790759921074,1.0,0.000125
0.036252688616514206,1.0,0.000125
0.020477373152971268,1.0,0.000125
0.016235314309597015,1.0,0.000125
0.03054630197584629,1.0,0.000125
0.024759983643889427,1.0,0.000125
0.02632964216172695,1.0,0.000125
0.03836686536669731,1.0,0.000125
0.027492215856909752,1.0,0.000125
0.028402704745531082,1.0,0.000125
0.034259866923093796,1.0,0.000125
0.02883439138531685,1.0,0.000125
0.021843956783413887,1.0,0.000125
0.016877030953764915,1.0,0.000125
0.02483612671494484,1.0,0.000125
0.01346681546419859,1.0,0.000125
0.014970099553465843,1.0,0.000125
0.022329887375235558,1.0,0.000125
0.02363230660557747,1.0,0.000125
0.02890363708138466,1.0,0.000125
0.030071740970015526,1.0,0.000125
0.024259749799966812,1.0,0.000125
0.022156089544296265,1.0,0.000125
0.033152077347040176,1.0,0.000125
0.031020965427160263,1.0,0.000125
0.018815668299794197,1.0,0.000125
0.018559318035840988,1.0,0.000125
0.027801061049103737,1.0,0.000125
0.02482311613857746,1.0,0.000125
0.02727389894425869,1.0,0.000125
0.029405126348137856,1.0,0.000125
0.03440641611814499,1.0,0.000125
0.024813571944832802,1.0,0.000125
0.021770214661955833,1.0,0.000125
0.021316854283213615,1.0,0.000125
0.013004794716835022,1.0,0.000125
0.012060137465596199,1.0,0.000125
0.039848215878009796,1.0,0.000125
0.028747394680976868,1.0,0.000125
0.019604723900556564,1.0,0.000125
0.045280881226062775,1.0,0.000125
0.03460998460650444,1.0,0.000125
0.030234843492507935,1.0,0.000125
0.02607087418437004,1.0,0.000125
0.024749111384153366,1.0,0.000125
0.032808221876621246,1.0,0.000125
0.024006230756640434,1.0,0.000125
0.02102956548333168,1.0,0.000125
0.012867076322436333,1.0,0.000125
0.010090682655572891,1.0,0.000125
0.03324547037482262,1.0,0.000125
0.016777878627181053,1.0,0.000125
0.017563750967383385,1.0,0.000125
0.02368757501244545,1.0,0.000125
0.03128628805279732,1.0,0.000125
0.02295050583779812,1.0,0.000125
0.01129641942679882,1.0,0.000125
0.03156019002199173,1.0,0.000125
0.022281959652900696,1.0,0.000125
0.02166600152850151,1.0,0.000125
0.020477663725614548,1.0,0.000125
0.021542273461818695,1.0,0.000125
0.012955096550285816,1.0,0.000125
0.021281113848090172,1.0,0.000125
0.007955798879265785,1.0,0.000125
0.024298563599586487,1.0,0.000125
0.019856054335832596,1.0,0.000125
0.021635321900248528,1.0,0.000125
0.029462501406669617,1.0,0.000125
0.016572637483477592,1.0,0.000125
0.04084957018494606,1.0,0.000125
0.01665455661714077,1.0,0.000125
0.02649882063269615,1.0,0.000125
0.015369409695267677,1.0,0.000125
0.01748906448483467,1.0,0.000125
0.03212440013885498,1.0,0.000125
0.021242275834083557,1.0,0.000125
0.008118433877825737,1.0,0.000125
0.017736898735165596,1.0,0.000125
0.020533669739961624,1.0,0.000125
0.019138788804411888,1.0,0.000125
0.008776461705565453,1.0,0.000125
0.021679341793060303,1.0,0.000125
0.02016531303524971,1.0,0.000125
0.01572762243449688,1.0,0.000125
0.030487248674035072,1.0,0.000125
0.029996652156114578,1.0,0.000125
0.029881436377763748,1.0,0.000125
0.013564052991569042,1.0,0.000125
0.018840353935956955,1.0,0.000125
0.00875784456729889,1.0,0.000125
0.027747178450226784,1.0,0.000125
0.03363826125860214,1.0,0.000125
0.01967605948448181,1.0,0.000125
0.02051340602338314,1.0,0.000125
0.02860618755221367,1.0,0.000125
0.012370580807328224,1.0,0.000125
0.014480790123343468,1.0,0.000125
0.02275647222995758,1.0,0.000125
0.01537800021469593,1.0,0.000125
0.03486856073141098,1.0,0.000125
0.028094962239265442,1.0,0.000125
0.01992453821003437,1.0,0.000125
0.032056260854005814,1.0,0.000125
0.02958199940621853,1.0,0.000125
0.01011243648827076,1.0,0.000125
0.012448787689208984,1.0,0.000125
0.021183868870139122,1.0,0.000125
0.027767563238739967,1.0,0.000125
0.009460853412747383,1.0,0.000125
0.01897295005619526,1.0,0.000125
0.02628030814230442,1.0,0.000125
0.03021317347884178,1.0,0.000125
0.032385412603616714,1.0,0.000125
0.0331822969019413,1.0,0.000125
0.027671564370393753,1.0,1e-04
0.0242364089936018,1.0,1e-04
0.018758563324809074,1.0,1e-04
0.0191409420222044,1.0,1e-04
0.015035745687782764,1.0,1e-04
0.012271958403289318,1.0,1e-04
0.014779403805732727,1.0,1e-04
0.014876969158649445,1.0,1e-04
0.018863718956708908,1.0,1e-04
0.017802877351641655,1.0,1e-04
0.00847486313432455,1.0,1e-04
0.019863326102495193,1.0,1e-04
0.018470022827386856,1.0,1e-04
0.011838657781481743,1.0,1e-04
0.018671177327632904,1.0,1e-04
0.014745781198143959,1.0,1e-04
0.01710578240454197,1.0,1e-04
0.01759331300854683,1.0,1e-04
0.013206643052399158,1.0,1e-04
0.014150639064610004,1.0,1e-04
0.02046426385641098,1.0,1e-04
0.018809789791703224,1.0,1e-04
0.018259350210428238,1.0,1e-04
0.015217067673802376,1.0,1e-04
0.02801782824099064,1.0,1e-04
0.010091738775372505,1.0,1e-04
0.014718910679221153,1.0,1e-04
0.013272717595100403,1.0,1e-04
0.01183930691331625,1.0,1e-04
0.017410248517990112,1.0,1e-04
0.02579779364168644,1.0,1e-04
0.013954135589301586,1.0,1e-04
0.019199175760149956,1.0,1e-04
0.024666789919137955,1.0,1e-04
0.02521975338459015,1.0,1e-04
0.013042071834206581,1.0,1e-04
0.011585308238863945,1.0,1e-04
0.009190915152430534,1.0,1e-04
0.015107686631381512,1.0,1e-04
0.019457554444670677,1.0,1e-04
0.018513932824134827,1.0,1e-04
0.013478593900799751,1.0,1e-04
0.01478901319205761,1.0,1e-04
0.02207869291305542,1.0,1e-04
0.018724193796515465,1.0,1e-04
0.0071609532460570335,1.0,1e-04
0.01193021796643734,1.0,1e-04
0.01129398588091135,1.0,1e-04
0.013095615431666374,1.0,1e-04
0.01078399084508419,1.0,1e-04
0.012522685341536999,1.0,1e-04
0.006237286143004894,1.0,1e-04
0.008507712744176388,1.0,1e-04
0.021549098193645477,1.0,1e-04
0.030586594715714455,1.0,1e-04
0.013474131934344769,1.0,1e-04
0.025070330128073692,1.0,1e-04
0.020879259333014488,1.0,1e-04
0.012006235308945179,1.0,1e-04
0.015529217198491096,1.0,1e-04
0.013580121099948883,1.0,1e-04
0.022809725254774094,1.0,1e-04
0.028626322746276855,1.0,1e-04
0.01532314158976078,1.0,1e-04
0.008740146644413471,1.0,1e-04
0.016518132761120796,1.0,1e-04
0.024095654487609863,1.0,1e-04
0.018461912870407104,1.0,1e-04
0.013720465824007988,1.0,1e-04
0.007887224666774273,1.0,1e-04
0.014327670447528362,1.0,1e-04
0.016540121287107468,1.0,1e-04
0.0077079907059669495,1.0,1e-04
0.009908027946949005,1.0,1e-04
0.009130923077464104,1.0,1e-04
0.016864409670233727,1.0,1e-04
0.007834408432245255,1.0,1e-04
0.013179561123251915,1.0,1e-04
0.0268587414175272,1.0,1e-04
0.009358162060379982,1.0,1e-04
0.009692423976957798,1.0,1e-04
0.02091839350759983,1.0,1e-04
0.015599319711327553,1.0,1e-04
0.009146095253527164,1.0,1e-04
0.007852514274418354,1.0,1e-04
0.010983781889081001,1.0,1e-04
0.012075955048203468,1.0,1e-04
0.012687553651630878,1.0,1e-04
0.01541134249418974,1.0,1e-04
0.02622603252530098,1.0,1e-04
0.02474306710064411,1.0,1e-04
0.014880898408591747,1.0,1e-04
0.013487448915839195,1.0,1e-04
0.016207795590162277,1.0,1e-04
0.01018539723008871,1.0,1e-04
0.014909627847373486,1.0,1e-04
0.018400590866804123,1.0,1e-04
0.010365108959376812,1.0,1e-04
0.013164108619093895,1.0,1e-04
0.014795444905757904,1.0,1e-04
0.020184125751256943,1.0,1e-04
0.010182082653045654,1.0,1e-04
0.009326541796326637,1.0,1e-04
0.01787867583334446,1.0,1e-04
0.02068348415195942,1.0,1e-04
0.01674584671854973,1.0,1e-04
0.01766592264175415,1.0,1e-04
0.01665489748120308,1.0,1e-04
0.021888060495257378,1.0,1e-04
0.007495558820664883,1.0,1e-04
0.017877716571092606,1.0,1e-04
0.0055159651674330235,1.0,1e-04
0.014309091493487358,1.0,1e-04
0.019689403474330902,1.0,1e-04
0.008507916703820229,1.0,1e-04
0.013091646134853363,1.0,1e-04
0.015632785856723785,1.0,1e-04
0.016622692346572876,1.0,1e-04
0.009703315794467926,1.0,1e-04
0.023339757695794106,1.0,1e-04
0.01778864488005638,1.0,1e-04
0.011843064799904823,1.0,1e-04
0.008690624497830868,1.0,1e-04
0.007603727281093597,1.0,1e-04
0.022286374121904373,1.0,1e-04
0.009471092373132706,1.0,1e-04
0.029927287250757217,1.0,1e-04
0.02201782539486885,1.0,1e-04
0.0435112789273262,1.0,1e-04
0.00965217873454094,1.0,1e-04
0.014961378648877144,1.0,1e-04
0.01118151843547821,1.0,1e-04
0.00885845348238945,1.0,1e-04
0.01544075459241867,1.0,1e-04
0.010688741691410542,1.0,1e-04
0.009145470336079597,1.0,1e-04
0.0055649904534220695,1.0,1e-04
0.012672004289925098,1.0,1e-04
0.013097168877720833,1.0,1e-04
0.014334037899971008,1.0,1e-04
0.01602199487388134,1.0,1e-04
0.013957229442894459,1.0,1e-04
0.01207398809492588,1.0,1e-04
0.00796026736497879,1.0,1e-04
0.015079153701663017,1.0,1e-04
0.014516955241560936,1.0,1e-04
0.010903079994022846,1.0,1e-04
0.010942885652184486,1.0,1e-04
0.0056483861990273,1.0,1e-04
0.00884877797216177,1.0,1e-04
0.01104409247636795,1.0,1e-04
0.00926579162478447,1.0,1e-04
0.011561688967049122,1.0,1e-04
0.01162174716591835,1.0,1e-04
0.017569392919540405,1.0,1e-04
0.00831125769764185,1.0,1e-04
0.012784291990101337,1.0,1e-04
0.023976003751158714,1.0,1e-04
0.008314189501106739,1.0,1e-04
0.00558828841894865,1.0,1e-04
0.007005119230598211,1.0,1e-04
0.01850232295691967,1.0,1e-04
0.005884047131985426,1.0,1e-04
0.01252930797636509,1.0,1e-04
0.010100935585796833,1.0,1e-04
0.00861353613436222,1.0,1e-04
0.005813669413328171,1.0,1e-04
0.014706847257912159,1.0,1e-04
0.011412394233047962,1.0,1e-04
0.008862047456204891,1.0,1e-04
0.007605207152664661,1.0,1e-04
0.008039639331400394,1.0,1e-04
0.008610183373093605,1.0,1e-04
0.008056938648223877,1.0,1e-04
0.017718933522701263,1.0,1e-04
0.009487425908446312,1.0,1e-04
0.012173986062407494,1.0,1e-04
0.013211349956691265,1.0,1e-04
0.014068609103560448,1.0,1e-04
0.009150738827884197,1.0,1e-04
0.019108803942799568,1.0,1e-04
0.00942141655832529,1.0,1e-04
0.007825689390301704,1.0,1e-04
0.012360570952296257,1.0,1e-04
0.0050110770389437675,1.0,1e-04
0.005568236578255892,1.0,1e-04
0.013409649953246117,1.0,1e-04
0.002633183728903532,1.0,1e-04
0.013214376755058765,1.0,1e-04
0.014923395588994026,1.0,1e-04
0.01647954061627388,1.0,1e-04
0.012625962495803833,1.0,1e-04
0.015248479321599007,1.0,1e-04
0.005635342560708523,1.0,1e-04
0.005860486067831516,1.0,1e-04
0.013910640962421894,1.0,1e-04
0.009453807957470417,1.0,1e-04
0.010794227942824364,1.0,1e-04
0.012438639998435974,1.0,1e-04
0.008161140605807304,1.0,1e-04
0.009510221891105175,1.0,1e-04
0.011941298842430115,1.0,1e-04
0.010402766056358814,1.0,1e-04
0.01396529097110033,1.0,1e-04
0.010579942725598812,1.0,1e-04
0.011211633682250977,1.0,1e-04
0.010109545662999153,1.0,1e-04
0.006573128513991833,1.0,1e-04
0.005927530117332935,1.0,1e-04
0.010101160034537315,1.0,1e-04
0.011651500128209591,1.0,1e-04
0.007053373847156763,1.0,1e-04
0.008886146359145641,1.0,1e-04
0.006196731701493263,1.0,1e-04
0.011819670908153057,1.0,1e-04
0.013969065621495247,1.0,1e-04
0.008788762614130974,1.0,1e-04
0.007656990084797144,1.0,1e-04
0.007820622995495796,1.0,1e-04
0.013059678487479687,1.0,1e-04
0.011971517466008663,1.0,1e-04
0.01400311291217804,1.0,1e-04
0.008647208102047443,1.0,1e-04
0.011106292717158794,1.0,1e-04
0.01056076679378748,1.0,1e-04
0.009076695889234543,1.0,1e-04
0.008825565688312054,1.0,1e-04
0.009864558465778828,1.0,1e-04
0.011020776815712452,1.0,1e-04
0.009763097390532494,1.0,1e-04
0.013131151907145977,1.0,1e-04
0.011820371262729168,1.0,1e-04
0.010844930075109005,1.0,1e-04
0.00952951144427061,1.0,1e-04
0.012855490669608116,1.0,1e-04
0.007495970465242863,1.0,1e-04
0.01283219177275896,1.0,1e-04
0.016725946217775345,1.0,1e-04
0.011458034627139568,1.0,1e-04
0.009598313830792904,1.0,1e-04
0.013578042387962341,1.0,1e-04
0.009110148064792156,1.0,1e-04
0.006550651974976063,1.0,1e-04
0.007707885466516018,1.0,1e-04
0.010632915422320366,1.0,1e-04
0.00818106159567833,1.0,1e-04
0.007820555940270424,1.0,1e-04
0.009652847424149513,1.0,1e-04
0.006767681334167719,1.0,1e-04
0.009409992955625057,1.0,1e-04
0.013172323815524578,1.0,1e-04
0.011159731075167656,1.0,1e-04
0.01288276631385088,1.0,1e-04
0.01276091206818819,1.0,1e-04
0.01127767376601696,1.0,1e-04
0.01093043852597475,1.0,1e-04
0.003640292678028345,1.0,1e-04
0.012948279269039631,1.0,1e-04
0.011601842008531094,1.0,1e-04
0.010192520916461945,1.0,1e-04
0.004612970631569624,1.0,1e-04
0.009641374461352825,1.0,1e-04
0.009882768616080284,1.0,1e-04
0.01408587396144867,1.0,1e-04
0.012551642954349518,1.0,1e-04
0.009307323023676872,1.0,1e-04
0.007012201007455587,1.0,1e-04
0.005562771577388048,1.0,1e-04
0.005820609163492918,1.0,1e-04
0.006298006512224674,1.0,1e-04
0.006921718828380108,1.0,1e-04
0.006962095387279987,1.0,1e-04
0.009343470446765423,1.0,1e-04
0.006851527839899063,1.0,1e-04
0.006001289933919907,1.0,1e-04
0.003905242308974266,1.0,1e-04
0.005941661074757576,1.0,1e-04
0.004778814967721701,1.0,1e-04
0.011488687247037888,1.0,1e-04
0.008991498500108719,1.0,1e-04
0.006429036147892475,1.0,1e-04
0.003128954442217946,1.0,1e-04
0.0062180464155972,1.0,1e-04
0.007256126496940851,1.0,1e-04
0.004069468937814236,1.0,1e-04
0.006689189467579126,1.0,1e-04
0.009898458607494831,1.0,1e-04
0.006992772221565247,1.0,1e-04
0.00491114379838109,1.0,1e-04
0.0019742657896131277,1.0,1e-04
0.010522187687456608,1.0,1e-04
0.005838655401021242,1.0,1e-04
0.006156739313155413,1.0,1e-04
0.002961402991786599,1.0,1e-04
0.012940597720444202,1.0,1e-04
0.003594268811866641,1.0,1e-04
0.002537109423428774,1.0,1e-04
0.00887400284409523,1.0,1e-04
0.004816824104636908,1.0,1e-04
0.002820925787091255,1.0,1e-04
0.004178286530077457,1.0,1e-04
0.009148475714027882,1.0,1e-04
0.005402708891779184,1.0,1e-04
0.009940538555383682,1.0,1e-04
0.010491018183529377,1.0,1e-04
0.007780103478580713,1.0,1e-04
0.004700395278632641,1.0,1e-04
0.014161949045956135,1.0,1e-04
0.01139888633042574,1.0,1e-04
0.01625966466963291,1.0,1e-04
0.0056045325472950935,1.0,1e-04
0.0033778150100260973,1.0,1e-04
0.00344321271404624,1.0,1e-04
0.0039036280941218138,1.0,1e-04
0.010212445631623268,1.0,1e-04
0.009599556215107441,1.0,1e-04
0.006820137612521648,1.0,1e-04
0.006698907352983952,1.0,1e-04
0.009714823216199875,1.0,1e-04
0.0064087966457009315,1.0,1e-04
0.007621224969625473,1.0,1e-04
0.011247028596699238,1.0,1e-04
0.006243245676159859,1.0,1e-04
0.011743351817131042,1.0,1e-04
0.0038499527145177126,1.0,1e-04
0.00782573502510786,1.0,1e-04
0.0046186139807105064,1.0,1e-04
0.005258606746792793,1.0,1e-04
0.004079905338585377,1.0,1e-04
0.003616512520238757,1.0,1e-04
0.0051721325144171715,1.0,1e-04
0.003886466845870018,1.0,1e-04
0.0044270725920796394,1.0,1e-04
0.0027078434359282255,1.0,1e-04
0.0052300565876066685,1.0,1e-04
0.0038664466701447964,1.0,1e-04
0.004171207547187805,1.0,1e-04
0.004128716886043549,1.0,1e-04
0.004347212612628937,1.0,1e-04
0.00639718770980835,1.0,1e-04
0.007172151003032923,1.0,1e-04
0.009440154768526554,1.0,1e-04
0.006171069107949734,1.0,1e-04
0.00469569768756628,1.0,1e-04
0.006063991226255894,1.0,1e-04
0.003881217213347554,1.0,1e-04
0.005173725541681051,1.0,1e-04
0.00751001900061965,1.0,1e-04
0.003927511628717184,1.0,1e-04
0.004577350337058306,1.0,1e-04
0.005352170206606388,1.0,1e-04
0.00557836564257741,1.0,1e-04
0.005439101252704859,1.0,1e-04
0.0031473911367356777,1.0,1e-04
0.00876950565725565,1.0,1e-04
0.006748167332261801,1.0,1e-04
0.005050548817962408,1.0,1e-04
0.0033806688152253628,1.0,1e-04
0.0035997803788632154,1.0,1e-04
0.003350640879943967,1.0,1e-04
0.007456401828676462,1.0,1e-04
0.00457288883626461,1.0,1e-04
0.0037825144827365875,1.0,1e-04
0.008865391835570335,1.0,1e-04
0.005484472028911114,1.0,1e-04
0.005218436475843191,1.0,1e-04
0.007692250423133373,1.0,1e-04
0.007366074714809656,1.0,1e-04
0.011798517778515816,1.0,1e-04
0.0074694156646728516,1.0,1e-04
0.00808354839682579,1.0,1e-04
0.0063666002824902534,1.0,1e-04
0.005473325960338116,1.0,1e-04
0.005174869205802679,1.0,1e-04
0.006340513471513987,1.0,1e-04
0.00491806585341692,1.0,1e-04
0.0045008184388279915,1.0,1e-04
0.003783190157264471,1.0,1e-04
0.005686498247087002,1.0,1e-04
0.005392986815422773,1.0,1e-04
0.005366964265704155,1.0,1e-04
0.006923930253833532,1.0,1e-04
0.0042586131021380424,1.0,1e-04
0.00883095245808363,1.0,1e-04
0.00753894355148077,1.0,1e-04
0.004457620903849602,1.0,1e-04
0.005606571678072214,1.0,1e-04
0.006077814847230911,1.0,1e-04
0.0030734918545931578,1.0,1e-04
0.004197802860289812,1.0,1e-04
0.008319133892655373,1.0,1e-04
0.004312033299356699,1.0,1e-04
0.005824963562190533,1.0,1e-04
0.004628621507436037,1.0,1e-04
0.005097628105431795,1.0,1e-04
0.0034767738543450832,1.0,1e-04
0.0034351255744695663,1.0,1e-04
0.007417774293571711,1.0,1e-04
0.002188638783991337,1.0,1e-04
0.005460748914629221,1.0,1e-04
0.0022146254777908325,1.0,1e-04
0.003824126673862338,1.0,1e-04
0.005990206263959408,1.0,1e-04
0.004353837110102177,1.0,1e-04
0.005949514918029308,1.0,1e-04
0.006125871557742357,1.0,1e-04
0.00754566490650177,1.0,1e-04
0.01090344600379467,1.0,1e-04
0.007341908756643534,1.0,1e-04
0.006249699741601944,1.0,1e-04
0.006037760525941849,1.0,1e-04
0.002335119294002652,1.0,1e-04
0.005548542365431786,1.0,1e-04
0.009779098443686962,1.0,1e-04
0.0035358082968741655,1.0,1e-04
0.004136255476623774,1.0,1e-04
0.0023436201736330986,1.0,1e-04
0.0025461255572736263,1.0,1e-04
0.003706489922478795,1.0,1e-04
0.0030664599034935236,1.0,1e-04
0.0037165998946875334,1.0,1e-04
0.002987988293170929,1.0,1e-04
0.005796601064503193,1.0,1e-04
0.0015319159720093012,1.0,1e-04
0.008128723129630089,1.0,1e-04
0.005038215778768063,1.0,1e-04
0.004541718401014805,1.0,1e-04
0.003842423902824521,1.0,1e-04
0.005108504556119442,1.0,1e-04
0.004729010630398989,1.0,1e-04
0.0039860098622739315,1.0,1e-04
0.0037176082842051983,1.0,1e-04
0.006670638918876648,1.0,1e-04
0.009379681199789047,1.0,1e-04
0.0032973482739180326,1.0,1e-04
0.007062587887048721,1.0,1e-04
0.008373741060495377,1.0,1e-04
0.018823059275746346,1.0,1e-04
0.006240060552954674,1.0,1e-04
0.004438232630491257,1.0,1e-04
0.0024233858566731215,1.0,1e-04
0.001711210235953331,1.0,1e-04
0.007465897593647242,1.0,1e-04
0.005179026164114475,1.0,1e-04
0.0040827407501637936,1.0,1e-04
0.0032995748333632946,1.0,1e-04
0.003867989405989647,1.0,1e-04
0.006831523030996323,1.0,1e-04
0.005196572281420231,1.0,1e-04
0.004043333698064089,1.0,1e-04
0.003058402333408594,1.0,1e-04
0.0030447470489889383,1.0,1e-04
0.00627266988158226,1.0,1e-04
0.006636070553213358,1.0,1e-04
0.003157778875902295,1.0,1e-04
0.003375201253220439,1.0,1e-04
0.004465745761990547,1.0,1e-04
0.004587744828313589,1.0,1e-04
0.00408198731020093,1.0,1e-04
0.0040611326694488525,1.0,1e-04
0.0025166759733110666,1.0,1e-04
0.002338062273338437,1.0,1e-04
0.002459469949826598,1.0,1e-04
0.002309787552803755,1.0,1e-04
0.0024464994203299284,1.0,1e-04
0.0024538887664675713,1.0,1e-04
0.0038866871036589146,1.0,1e-04
0.005655876360833645,1.0,1e-04
0.004934978671371937,1.0,1e-04
0.008574465289711952,1.0,1e-04
0.006108694709837437,1.0,1e-04
0.006852502468973398,1.0,1e-04
0.007021368481218815,1.0,1e-04
0.0029120210092514753,1.0,1e-04
0.005494019947946072,1.0,1e-04
0.0045876274816691875,1.0,1e-04
0.0029559186659753323,1.0,1e-04
0.005413332022726536,1.0,1e-04
0.0021968886721879244,1.0,1e-04
0.0020714416168630123,1.0,1e-04
0.004035979509353638,1.0,1e-04
0.002940422622486949,1.0,1e-04
0.001674651401117444,1.0,1e-04
0.002287855837494135,1.0,1e-04
0.0021598157472908497,1.0,1e-04
0.003877576906234026,1.0,1e-04
0.0028006837237626314,1.0,1e-04
0.0013181258691474795,1.0,1e-04
0.00468351598829031,1.0,1e-04
0.001280965399928391,1.0,1e-04
0.0018806960433721542,1.0,1e-04
0.0031593278981745243,1.0,1e-04
0.0028786181937903166,1.0,1e-04
0.0012697222409769893,1.0,1e-04
0.002701367484405637,1.0,1e-04
0.0015801696572452784,1.0,1e-04
0.002256469102576375,1.0,1e-04
0.004173208028078079,1.0,1e-04
0.0033500418066978455,1.0,1e-04
0.00409527076408267,1.0,1e-04
0.003261993173509836,1.0,1e-04
0.002163524040952325,1.0,1e-04
0.0036419969983398914,1.0,1e-04
0.0035227909684181213,1.0,1e-04
0.003962082322686911,1.0,1e-04
0.008179249241948128,1.0,1e-04
0.003153265919536352,1.0,1e-04
0.0035948629956692457,1.0,1e-04
0.003464318811893463,1.0,1e-04
0.002765926066786051,1.0,1e-04
0.0018530550878494978,1.0,1e-04
0.0023436215706169605,1.0,1e-04
0.0029171493370085955,1.0,1e-04
0.0043066078796982765,1.0,1e-04
0.0029010011348873377,1.0,1e-04
0.004983197897672653,1.0,1e-04
0.002759333234280348,1.0,1e-04
0.003978089429438114,1.0,1e-04
0.0016767202178016305,1.0,1e-04
0.002985632512718439,1.0,1e-04
0.004456975031644106,1.0,1e-04
0.0045600226148962975,1.0,1e-04
0.004249848425388336,1.0,1e-04
0.003667067037895322,1.0,1e-04
0.0046852207742631435,1.0,1e-04
0.004400735255330801,1.0,1e-04
0.003792284755036235,1.0,1e-04
0.0029710514936596155,1.0,1e-04
0.00323828449472785,1.0,1e-04
0.001906898571178317,1.0,1e-04
0.0026022223755717278,1.0,1e-04
0.0042365738190710545,1.0,1e-04
0.0026925287675112486,1.0,1e-04
0.005221414379775524,1.0,1e-04
0.014627473428845406,1.0,1e-04
0.005311277695000172,1.0,1e-04
0.004851169418543577,1.0,1e-04
0.002695318078622222,1.0,1e-04
0.0028988425619900227,1.0,1e-04
0.0025553747545927763,1.0,1e-04
0.0049671330489218235,1.0,1e-04
0.008882500231266022,1.0,1e-04
0.01139904372394085,1.0,1e-04
0.004091669339686632,1.0,1e-04
0.003169870004057884,1.0,1e-04
0.0027566871140152216,1.0,1e-04
0.0014922644477337599,1.0,1e-04
0.004328940529376268,1.0,1e-04
0.0022984431125223637,1.0,1e-04
0.0023179128766059875,1.0,1e-04
0.003525178413838148,1.0,1e-04
0.0014698092127218843,1.0,1e-04
0.003143664449453354,1.0,1e-04
0.0039044353179633617,1.0,1e-04
0.0028059487231075764,1.0,1e-04
0.002801781054586172,1.0,1e-04
0.0043175918981432915,1.0,1e-04
0.003200870705768466,1.0,1e-04
0.0022722664289176464,1.0,1e-04
0.0027527669444680214,1.0,1e-04
0.004127714782953262,1.0,1e-04
0.002035296754911542,1.0,1e-04
0.0018156531732529402,1.0,1e-04
0.005048238672316074,1.0,1e-04
0.002382855396717787,1.0,1e-04
0.0020354301668703556,1.0,1e-04
0.0018475244287401438,1.0,1e-04
0.00214896397665143,1.0,1e-04
0.002615872072055936,1.0,1e-04
0.0026857254561036825,1.0,1e-04
0.004506903700530529,1.0,1e-04
0.001915793283842504,1.0,1e-04
0.002358298981562257,1.0,1e-04
0.005515872035175562,1.0,1e-04
0.00478353351354599,1.0,1e-04
0.004881660919636488,1.0,1e-04
0.002430626656860113,1.0,1e-04
0.004554959945380688,1.0,1e-04
0.0042420364916324615,1.0,1e-04
0.001737412647344172,1.0,1e-04
0.004399574361741543,1.0,1e-04
0.005408496130257845,1.0,1e-04
0.003195337485522032,1.0,1e-04
0.003038223134353757,1.0,1e-04
0.001381175359711051,1.0,1e-04
0.0024187713861465454,1.0,1e-04
0.002381721045821905,1.0,1e-04
0.00398013973608613,1.0,1e-04
0.0026972973719239235,1.0,1e-04
0.002667770953848958,1.0,1e-04
0.003021088894456625,1.0,1e-04
0.0014004223048686981,1.0,1e-04
0.0020790318958461285,1.0,1e-04
0.0019962922669947147,1.0,1e-04
0.0017795745516195893,1.0,1e-04
0.002088087610900402,1.0,1e-04
0.0022496781311929226,1.0,1e-04
0.003075458575040102,1.0,1e-04
0.0028565560933202505,1.0,1e-04
0.001666662865318358,1.0,1e-04
0.0017419118667021394,1.0,1e-04
0.0026356482412666082,1.0,1e-04
0.004039352759718895,1.0,1e-04
0.004485034849494696,1.0,1e-04
0.003915431443601847,1.0,1e-04
0.002312297932803631,1.0,1e-04
0.0022680468391627073,1.0,1e-04
0.00287468614988029,1.0,1e-04
0.003336327150464058,1.0,1e-04
0.0016853234264999628,1.0,1e-04
0.0024674173910170794,1.0,1e-04
0.001980995526537299,1.0,1e-04
0.005776199512183666,1.0,1e-04
0.003514158772304654,1.0,1e-04
0.0033532888628542423,1.0,1e-04
0.003748941468074918,1.0,1e-04
0.0023454895708709955,1.0,1e-04
0.001657542074099183,1.0,1e-04
0.0019982713274657726,1.0,1e-04
0.0026466185227036476,1.0,1e-04
0.0015204747905954719,1.0,1e-04
0.0021845398005098104,1.0,1e-04
0.004330252762883902,1.0,1e-04
0.0012680517975240946,1.0,1e-04
0.0018348291050642729,1.0,1e-04
0.0017164524178951979,1.0,1e-04
0.004394213203340769,1.0,1e-04
0.001650254474952817,1.0,1e-04
0.0025432372931391,1.0,1e-04
0.002202421659603715,1.0,1e-04
0.002228107303380966,1.0,1e-04
0.0026571271009743214,1.0,1e-04
0.003726464230567217,1.0,1e-04
0.001559860655106604,1.0,1e-04
0.0019968519918620586,1.0,1e-04
0.0013884443324059248,1.0,1e-04
0.0016329328063875437,1.0,1e-04
0.0007413471466861665,1.0,1e-04
0.0019966214895248413,1.0,1e-04
0.0017000837251543999,1.0,1e-04
0.0024061049334704876,1.0,1e-04
0.0014701795298606157,1.0,1e-04
0.001213278854265809,1.0,1e-04
0.002036680467426777,1.0,1e-04
0.001557610696181655,1.0,1e-04
0.002014593221247196,1.0,1e-04
0.003492805641144514,1.0,1e-04
0.002269983757287264,1.0,1e-04
0.0016809303779155016,1.0,1e-04
0.0017224496696144342,1.0,1e-04
0.0017519358079880476,1.0,1e-04
0.001699277781881392,1.0,1e-04
0.004789085127413273,1.0,1e-04
0.0031843925826251507,1.0,1e-04
0.003040923271328211,1.0,1e-04
0.0031512335408478975,1.0,1e-04
0.0014872862957417965,1.0,1e-04
0.0024888410698622465,1.0,1e-04
0.0024609973188489676,1.0,1e-04
0.0013224489521235228,1.0,1e-04
0.0016746725887060165,1.0,1e-04
0.0018799578538164496,1.0,1e-04
0.0021427765022963285,1.0,1e-04
0.001582730794325471,1.0,1e-04
0.0019726301543414593,1.0,1e-04
0.0023585271555930376,1.0,1e-04
0.002060732338577509,1.0,1e-04
0.0013952150475233793,1.0,1e-04
0.002218842739239335,1.0,1e-04
0.0021648467518389225,1.0,1e-04
0.002210956532508135,1.0,1e-04
0.0016778931021690369,1.0,1e-04
0.001961919479072094,1.0,1e-04
0.0021533265244215727,1.0,1e-04
0.0012844788143411279,1.0,1e-04
0.0006295080529525876,1.0,1e-04
0.001751948380842805,1.0,1e-04
0.0011952826753258705,1.0,1e-04
0.0017050269525498152,1.0,1e-04
0.0014414825709536672,1.0,1e-04
0.0013539200881496072,1.0,1e-04
0.000938181474339217,1.0,1e-04
0.003065945813432336,1.0,1e-04
0.00120099529158324,1.0,1e-04
0.0010475718881934881,1.0,1e-04
0.0006370049668475986,1.0,1e-04
0.001763668260537088,1.0,1e-04
0.0016134256729856133,1.0,1e-04
0.0010036922758445144,1.0,1e-04
0.0015949299558997154,1.0,1e-04
0.001791116432286799,1.0,1e-04
0.0012195591116324067,1.0,1e-04
0.0016980415675789118,1.0,1e-04
0.0012633426813408732,1.0,1e-04
0.0014370346907526255,1.0,1e-04
0.0018778847297653556,1.0,1e-04
0.0023687579669058323,1.0,1e-04
0.002402086276561022,1.0,1e-04
0.0010276061948388815,1.0,1e-04
0.0022008665837347507,1.0,1e-04
0.0016795939300209284,1.0,1e-04
0.006583998445421457,1.0,1e-04
0.008795855566859245,1.0,1e-04
0.011753167025744915,1.0,1e-04
0.012645605020225048,1.0,1e-04
0.040696337819099426,1.0,1e-04
0.07132597267627716,0.949999988079071,1e-04
0.05771651118993759,1.0,1e-04
0.01747288554906845,1.0,1e-04
0.016206512227654457,1.0,1e-04
0.025344248861074448,1.0,1e-04
0.0059414454735815525,1.0,1e-04
0.005625366233289242,1.0,1e-04
0.004870230332016945,1.0,1e-04
0.0011653057299554348,1.0,1e-04
0.004591544158756733,1.0,1e-04
0.003936474211513996,1.0,1e-04
0.003596921218559146,1.0,1e-04
0.0039744190871715546,1.0,1e-04
0.004643653053790331,1.0,1e-04
0.00235769129358232,1.0,1e-04
0.003009862033650279,1.0,1e-04
0.0016160812228918076,1.0,1e-04
0.0021430975757539272,1.0,1e-04
0.0027647302486002445,1.0,1e-04
0.0018133841222152114,1.0,1e-04
0.0015738426009193063,1.0,1e-04
0.0023426543921232224,1.0,1e-04
0.001804263680242002,1.0,1e-04
0.0030335146002471447,1.0,1e-04
0.004121851176023483,1.0,1e-04
0.00201358157210052,1.0,1e-04
0.0019655125215649605,1.0,1e-04
0.0014373688027262688,1.0,1e-04
0.0018047504127025604,1.0,1e-04
0.003925205674022436,1.0,1e-04
0.002527190838009119,1.0,1e-04
0.0016387160867452621,1.0,1e-04
0.0027994136326014996,1.0,1e-04
0.0019517600303515792,1.0,1e-04
0.0012318158987909555,1.0,1e-04
0.0022402661852538586,1.0,1e-04
0.0015414851950481534,1.0,1e-04
0.0009704975527711213,1.0,1e-04
0.0027178828604519367,1.0,1e-04
0.0022272509522736073,1.0,1e-04
0.0022282712161540985,1.0,1e-04
0.0018303164979442954,1.0,1e-04
0.0012257720809429884,1.0,1e-04
0.0028801921289414167,1.0,1e-04
0.0011390135623514652,1.0,1e-04
0.003233489114791155,1.0,1e-04
0.0012393181677907705,1.0,1e-04
0.0020231041125953197,1.0,1e-04
0.002030450152233243,1.0,1e-04
0.0016158142825588584,1.0,1e-04
0.0027383030392229557,1.0,1e-04
0.002233966952189803,1.0,1e-04
0.0019142994424328208,1.0,1e-04
0.0019403935875743628,1.0,1e-04
0.0021805332507938147,1.0,1e-04
0.0037195137701928616,1.0,1e-04
0.0022459025494754314,1.0,1e-04
0.001392042962834239,1.0,1e-04
0.0008412293973378837,1.0,1e-04
0.001921317190863192,1.0,1e-04
0.0029745984356850386,1.0,1e-04
0.0012692903401330113,1.0,1e-04
0.0012168614193797112,1.0,1e-04
0.0016520542558282614,1.0,1e-04
0.0009568144450895488,1.0,1e-04
0.0008123338338918984,1.0,1e-04
0.001540318364277482,1.0,1e-04
0.0016787635395303369,1.0,1e-04
0.0024821492843329906,1.0,1e-04
0.001050007063895464,1.0,1e-04
0.0014487619046121836,1.0,1e-04
0.001337402849458158,1.0,1e-04
0.0015887918416410685,1.0,1e-04
0.0007193650235421956,1.0,1e-04
0.002039100509136915,1.0,1e-04
0.0014606055337935686,1.0,1e-04
0.0008117888937704265,1.0,1e-04
0.0016600554808974266,1.0,1e-04
0.001873267232440412,1.0,1e-04
0.0009944853372871876,1.0,1e-04
0.001391116762533784,1.0,1e-04
0.0016362076858058572,1.0,1e-04
0.001164630171842873,1.0,1e-04
0.0008127394830808043,1.0,1e-04
0.0018612071871757507,1.0,1e-04
0.0010574168991297483,1.0,1e-04
0.0018716135527938604,1.0,1e-04
0.0016761174192652106,1.0,1e-04
0.0020073088817298412,1.0,1e-04
0.0009534189593978226,1.0,1e-04
0.0013760863803327084,1.0,1e-04
0.002676399191841483,1.0,1e-04
0.0018596096197143197,1.0,1e-04
0.001170528237707913,1.0,1e-04
0.0013183483388274908,1.0,1e-04
0.0023661027662456036,1.0,1e-04
0.0016220534453168511,1.0,1e-04
0.00181411555968225,1.0,1e-04
0.0013951824512332678,1.0,1e-04
0.001409085700288415,1.0,1e-04
0.0016132306773215532,1.0,1e-04
0.0018982052570208907,1.0,1e-04
0.0016261946875602007,1.0,1e-04
0.0014748681569471955,1.0,1e-04
0.001228502718731761,1.0,1e-04
0.0014335836749523878,1.0,1e-04
0.001201545586809516,1.0,1e-04
0.0014040431706234813,1.0,1e-04
0.002988447668030858,1.0,1e-04
0.0023993407376110554,1.0,1e-04
0.0008326241513714194,1.0,1e-04
0.0015275735640898347,1.0,1e-04
0.0018955592531710863,1.0,1e-04
0.0020215471740812063,1.0,1e-04
0.002549068070948124,1.0,1e-04
0.00209627253934741,1.0,1e-04
0.0010153090115636587,1.0,1e-04
0.0014028319856151938,1.0,1e-04
0.0015394871588796377,1.0,1e-04
0.0016030364204198122,1.0,1e-04
0.0008468063315376639,1.0,1e-04
0.0006322567351162434,1.0,1e-04
0.0022416573483496904,1.0,1e-04
0.0015794674400240183,1.0,1e-04
0.0015585444634780288,1.0,1e-04
0.0008334164740517735,1.0,1e-04
0.00168520153965801,1.0,1e-04
0.0017106977757066488,1.0,1e-04
0.0016659244429320097,1.0,1e-04
0.0015125868376344442,1.0,1e-04
0.0015238141641020775,1.0,1e-04
0.0012145420769229531,1.0,1e-04
0.0008284123614430428,1.0,1e-04
0.003084905445575714,1.0,1e-04
0.0010248530888929963,1.0,1e-04
0.002059436868876219,1.0,1e-04
0.0021870373748242855,1.0,1e-04
0.0009718931978568435,1.0,1e-04
0.0008506844751536846,1.0,1e-04
0.0013726437464356422,1.0,1e-04
0.0016818484291434288,1.0,1e-04
0.00139512587338686,1.0,1e-04
0.00123541837092489,1.0,1e-04
0.000933354371227324,1.0,1e-04
0.0020346571691334248,1.0,1e-04
0.0011440907837823033,1.0,1e-04
0.0014675543643534184,1.0,1e-04
0.0023520230315625668,1.0,1e-04
0.001175616169348359,1.0,1e-04
0.002158296760171652,1.0,1e-04
0.0016269863117486238,1.0,1e-04
0.0015135754365473986,1.0,1e-04
0.0004903511144220829,1.0,1e-04
0.0019087225664407015,1.0,1e-04
0.0010949153220281005,1.0,1e-04
0.001321706222370267,1.0,1e-04
0.0017490983009338379,1.0,1e-04
0.0021856031380593777,1.0,1e-04
0.0008199963485822082,1.0,1e-04
0.0012463954044505954,1.0,1e-04
0.0012620363850146532,1.0,1e-04
0.0018136503640562296,1.0,1e-04
0.0020359924528747797,1.0,1e-04
0.001148965791799128,1.0,1e-04
0.002112410496920347,1.0,1e-04
0.0012318191584199667,1.0,1e-04
0.0009348145686089993,1.0,1e-04
0.0008659257437102497,1.0,1e-04
0.0006986978696659207,1.0,1e-04
0.001545444829389453,1.0,1e-04
0.001072583836503327,1.0,1e-04
0.001478200894780457,1.0,1e-04
0.001586563652381301,1.0,1e-04
0.0011219766456633806,1.0,1e-04
0.0009445465984754264,1.0,1e-04
0.0012427803594619036,1.0,1e-04
0.001355123589746654,1.0,1e-04
0.0005336868343874812,1.0,1e-04
0.0014197712298482656,1.0,1e-04
0.0018946316558867693,1.0,1e-04
0.0005885507562197745,1.0,1e-04
0.0012304645497351885,1.0,1e-04
0.0010893814032897353,1.0,1e-04
0.001182946260087192,1.0,1e-04
0.0011608530767261982,1.0,1e-04
0.0006461070151999593,1.0,1e-04
0.0008179872529581189,1.0,1e-04
0.0008010987075977027,1.0,1e-04
0.001102269976399839,1.0,1e-04
0.0006681436207145452,1.0,1e-04
0.0016263962024822831,1.0,1e-04
0.0011636599665507674,1.0,1e-04
0.0014198536518961191,1.0,1e-04
0.0010068166302517056,1.0,1e-04
0.0008172130910679698,1.0,1e-04
0.0010815260466188192,1.0,1e-04
0.0011391841107979417,1.0,1e-04
0.001309466315433383,1.0,1e-04
0.0005122896400280297,1.0,1e-04
0.0008439373341389,1.0,1e-04
0.0008970395429059863,1.0,1e-04
0.0014899628004059196,1.0,1e-04
0.0007543500978499651,1.0,1e-04
0.0015369316097348928,1.0,1e-04
0.000937759701628238,1.0,1e-04
0.0009755631908774376,1.0,1e-04
0.0012517294380813837,1.0,1e-04
0.0015596169978380203,1.0,1e-04
0.0011577149853110313,1.0,1e-04
0.0013690319610759616,1.0,1e-04
0.0016944387461990118,1.0,1e-04
0.0016071069985628128,1.0,1e-04
0.0015497576678171754,1.0,1e-04
0.0008122014114633203,1.0,1e-04
0.0009835142409428954,1.0,1e-04
0.0014287196099758148,1.0,1e-04
0.001638693967834115,1.0,1e-04
0.0012227289844304323,1.0,1e-04
0.0008563903393223882,1.0,1e-04
0.0018210175912827253,1.0,1e-04
0.002544733230024576,1.0,1e-04
0.0019804283510893583,1.0,1e-04
0.0008712272974662483,1.0,1e-04
0.001224456005729735,1.0,1e-04
0.0010569709120318294,1.0,1e-04
0.0007354164263233542,1.0,1e-04
0.0007110044243745506,1.0,1e-04
0.0006568781682290137,1.0,1e-04
0.0018260652432218194,1.0,1e-04
0.0006779634859412909,1.0,1e-04
0.0012323596747592092,1.0,1e-04
0.0014039038214832544,1.0,1e-04
0.0010674138320609927,1.0,1e-04
0.0015778898959979415,1.0,1e-04
0.001144148176535964,1.0,1e-04
0.0007754798862151802,1.0,1e-04
0.001552199712023139,1.0,1e-04
0.0012667163973674178,1.0,1e-04
0.0007417247979901731,1.0,1e-04
0.0003273668698966503,1.0,1e-04
0.001463852939195931,1.0,1e-04
0.0011270634131506085,1.0,1e-04
0.0012167443055659533,1.0,1e-04
0.0009536917204968631,1.0,1e-04
0.0016687108436599374,1.0,1e-04
0.0005743677029386163,1.0,1e-04
0.001079982495866716,1.0,1e-04
0.0009642636287026107,1.0,1e-04
0.0012571187689900398,1.0,1e-04
0.001457213656976819,1.0,1e-04
0.0007739256834611297,1.0,1e-04
0.0012676602927967906,1.0,1e-04
0.0008121585706248879,1.0,1e-04
0.0010913510341197252,1.0,1e-04
0.0011566270841285586,1.0,1e-04
0.0013207191368564963,1.0,1e-04
0.000652109389193356,1.0,1e-04
0.0009252565214410424,1.0,1e-04
0.0013372317189350724,1.0,1e-04
0.0022062393836677074,1.0,1e-04
0.0007249746704474092,1.0,1e-04
0.0011565532768145204,1.0,1e-04
0.0019677001982927322,1.0,1e-04
0.0006223834352567792,1.0,1e-04
0.001456736703403294,1.0,1e-04
0.0013314266689121723,1.0,1e-04
0.0008077166858129203,1.0,1e-04
0.0017203636234626174,1.0,1e-04
0.0015691925073042512,1.0,1e-04
0.0008735323208384216,1.0,1e-04
0.0004010509583167732,1.0,1e-04
0.0008856824715621769,1.0,1e-04
0.001572517678141594,1.0,1e-04
0.0007921431097202003,1.0,1e-04
0.0014365374809131026,1.0,1e-04
0.0005467033479362726,1.0,1e-04
0.0015538368606939912,1.0,1e-04
0.00070901372237131,1.0,1e-04
0.0008341261418536305,1.0,1e-04
0.0009565629879944026,1.0,1e-04
0.0008876001229509711,1.0,1e-04
0.0015383262652903795,1.0,1e-04
0.0016645959112793207,1.0,1e-04
0.00097634457051754,1.0,1e-04
0.00102366937790066,1.0,1e-04
0.0008271402912214398,1.0,1e-04
0.0016942564398050308,1.0,1e-04
0.0008430470479652286,1.0,1e-04
0.0017318120226264,1.0,1e-04
0.0021215337328612804,1.0,1e-04
0.0012125385692343116,1.0,1e-04
0.0012100397143512964,1.0,1e-04
0.0004491616855375469,1.0,1e-04
0.0021027117036283016,1.0,1e-04
0.002843874506652355,1.0,1e-04
0.0009026263142004609,1.0,1e-04
0.001701799570582807,1.0,1e-04
0.0014392053708434105,1.0,1e-04
0.0020647093188017607,1.0,1e-04
0.001032786793075502,1.0,1e-04
0.000899408187251538,1.0,1e-04
0.0008260803297162056,1.0,1e-04
0.0009567857487127185,1.0,1e-04
0.0007751594530418515,1.0,1e-04
0.0008784662932157516,1.0,1e-04
0.000670058187097311,1.0,1e-04
0.0017077357042580843,1.0,1e-04
0.0005390385631471872,1.0,1e-04
0.0008984791929833591,1.0,1e-04
0.0005384644609875977,1.0,1e-04
0.00056372897233814,1.0,1e-04
0.0016648046439513564,1.0,1e-04
0.0009448436903767288,1.0,1e-04
0.001203782157972455,1.0,1e-04
0.0008289495599456131,1.0,1e-04
0.0008950473857112229,1.0,1e-04
0.0005035658250562847,1.0,1e-04
0.0012175363954156637,1.0,1e-04
0.001363901305012405,1.0,1e-04
0.002435144502669573,1.0,1e-04
0.004146568942815065,1.0,1e-04
0.021710533648729324,1.0,1e-04
0.03151412680745125,1.0,1e-04
0.35537266731262207,0.800000011920929,1e-04
0.21367916464805603,0.949999988079071,1e-04
0.055010437965393066,1.0,1e-04
0.030594533309340477,1.0,1e-04
0.02667764201760292,1.0,1e-04
0.051336031407117844,1.0,1e-04
0.009190231561660767,1.0,1e-04
0.026898285374045372,1.0,1e-04
0.02500300109386444,1.0,1e-04
0.016956008970737457,1.0,1e-04
0.01983465626835823,1.0,1e-04
0.005057045258581638,1.0,1e-04
0.006952949799597263,1.0,1e-04
0.006720256991684437,1.0,1e-04
0.006343623157590628,1.0,1e-04
0.012152550742030144,1.0,1e-04
0.006060627289116383,1.0,1e-04
0.008220595307648182,1.0,1e-04
0.0102915670722723,1.0,1e-04
0.009128270670771599,1.0,1e-04
0.00896200630813837,1.0,1e-04
0.0056138113141059875,1.0,1e-04
0.006670111324638128,1.0,1e-04
0.006006296724081039,1.0,1e-04
0.0072097936645150185,1.0,1e-04
0.004701786674559116,1.0,1e-04
0.004912939853966236,1.0,1e-04
0.006643742322921753,1.0,1e-04
0.006971296854317188,1.0,1e-04
0.004271243698894978,1.0,1e-04
0.009228220209479332,1.0,1e-04
0.008356330916285515,1.0,1e-04
0.0048357173800468445,1.0,1e-04
0.00710113113746047,1.0,1e-04
0.0023502972908318043,1.0,1e-04
0.0040284860879182816,1.0,1e-04
0.005835966672748327,1.0,1e-04
0.003384190145879984,1.0,1e-04
0.001852584071457386,1.0,1e-04
0.005130090285092592,1.0,1e-04
0.004149484448134899,1.0,1e-04
0.004852207377552986,1.0,1e-04
0.005948573350906372,1.0,1e-04
0.004929001443088055,1.0,1e-04
0.0026379707269370556,1.0,1e-04
0.004749235697090626,1.0,1e-04
0.00428432784974575,1.0,1e-04
0.0031113591976463795,1.0,1e-04
0.0032830643467605114,1.0,1e-04
0.004022581968456507,1.0,1e-04
0.00219273054972291,1.0,1e-04
0.0022812632378190756,1.0,1e-04
0.002637724857777357,1.0,1e-04
0.004421915393322706,1.0,1e-04
0.004497485235333443,1.0,1e-04
0.002569083124399185,1.0,1e-04
0.002946318592876196,1.0,1e-04
0.0032512862235307693,1.0,1e-04
0.003328560385853052,1.0,1e-04
0.00487153884023428,1.0,1e-04
0.0016178141813725233,1.0,1e-04
0.0037728161551058292,1.0,1e-04
0.0031943488866090775,1.0,1e-04
0.0030019315890967846,1.0,1e-04
0.002825625706464052,1.0,1e-04
0.0016485651722177863,1.0,1e-04
0.002445665653795004,1.0,1e-04
0.0017736621666699648,1.0,1e-04
0.003586098086088896,1.0,1e-04
0.0022640631068497896,1.0,1e-04
0.0027852572966367006,1.0,1e-04
0.0014800273347645998,1.0,1e-04
0.002369336085394025,1.0,1e-04
0.002292368561029434,1.0,1e-04
0.001726819551549852,1.0,1e-04
0.0033277813345193863,1.0,1e-04
0.001708196708932519,1.0,1e-04
0.001815896132029593,1.0,1e-04
0.0017459599766880274,1.0,1e-04
0.0017319241305813193,1.0,1e-04
0.0020021444652229548,1.0,1e-04
0.0030542397871613503,1.0,1e-04
0.001280641183257103,1.0,1e-04
0.0017938126111403108,1.0,1e-04
0.0010974473552778363,1.0,1e-04
0.0029316383879631758,1.0,1e-04
0.0029021217487752438,1.0,1e-04
0.0033759723883122206,1.0,1e-04
0.0029595603700727224,1.0,1e-04
0.0019944184459745884,1.0,1e-04
0.0018044225871562958,1.0,1e-04
0.0016986045520752668,1.0,1e-04
0.0024704220704734325,1.0,1e-04
0.003062041476368904,1.0,1e-04
0.00262856506742537,1.0,1e-04
0.0019071644637733698,1.0,1e-04
0.0009014959214255214,1.0,1e-04
0.002068339381366968,1.0,1e-04
0.001421804423443973,1.0,1e-04
0.003365649376064539,1.0,1e-04
0.0020492093171924353,1.0,1e-04
0.0020491816103458405,1.0,1e-04
0.002869493793696165,1.0,1e-04
0.0010276816319674253,1.0,1e-04
0.0010545828845351934,1.0,1e-04
0.0018806224688887596,1.0,1e-04
0.0023167687468230724,1.0,1e-04
0.0015909934882074594,1.0,1e-04
0.0015604302752763033,1.0,1e-04
0.0014438043581321836,1.0,1e-04
0.0016977483173832297,1.0,1e-04
0.0026323639322072268,1.0,1e-04
0.0015255638863891363,1.0,1e-04
0.0015257204649969935,1.0,1e-04
0.0018533511320129037,1.0,1e-04
0.0016343817114830017,1.0,1e-04
0.0021145830396562815,1.0,1e-04
0.002874966012313962,1.0,1e-04
0.0015095403650775552,1.0,1e-04
0.0018245665123686194,1.0,1e-04
0.0020020368974655867,1.0,1e-04
0.0018243001541122794,1.0,1e-04
0.0013864944921806455,1.0,1e-04
0.0012526402715593576,1.0,1e-04
0.0010849839309230447,1.0,1e-04
0.0013208565069362521,1.0,1e-04
0.001557961106300354,1.0,1e-04
0.001717266975902021,1.0,1e-04
0.0014167387271299958,1.0,1e-04
0.0015200565103441477,1.0,1e-04
0.0011608446948230267,1.0,1e-04
0.0011090619955211878,1.0,1e-04
0.0017487138975411654,1.0,1e-04
0.0011626629857346416,1.0,1e-04
0.0015307130524888635,1.0,1e-04
0.0011713968124240637,1.0,1e-04
0.0012974365381523967,1.0,1e-04
0.0013489953707903624,1.0,1e-04
0.0015493335667997599,1.0,1e-04
0.00162576325237751,1.0,1e-04
0.0012820661067962646,1.0,1e-04
0.0010967326816171408,1.0,1e-04
0.0013773225946351886,1.0,1e-04
0.0010731834918260574,1.0,1e-04
0.0014289323007687926,1.0,1e-04
0.0015741686802357435,1.0,1e-04
0.0005469996249303222,1.0,1e-04
0.00112967099994421,1.0,1e-04
0.001312835025601089,1.0,1e-04
0.001865192549303174,1.0,1e-04
0.0013809931697323918,1.0,1e-04
0.00147780473344028,1.0,1e-04
0.0014041929971426725,1.0,1e-04
0.0009646915132179856,1.0,1e-04
0.001042766496539116,1.0,1e-04
0.0010100440122187138,1.0,1e-04
0.001423553330823779,1.0,1e-04
0.0016149530420079827,1.0,1e-04
0.0012098023435100913,1.0,1e-04
0.00120677484665066,1.0,1e-04
0.00100394943729043,1.0,1e-04
0.0011420722585171461,1.0,1e-04
0.0007642807904630899,1.0,1e-04
0.0008704507490620017,1.0,1e-04
0.0011551986681297421,1.0,1e-04
0.0017111701890826225,1.0,1e-04
0.0014906588476151228,1.0,1e-04
0.0008825782570056617,1.0,1e-04
0.0018581520998850465,1.0,1e-04
0.0011615647235885262,1.0,1e-04
0.0011792926816269755,1.0,1e-04
0.0004195439978502691,1.0,1e-04
0.0012381980195641518,1.0,1e-04
0.0012379904510453343,1.0,1e-04
0.0010949509451165795,1.0,1e-04
0.0006344767170958221,1.0,1e-04
0.0008758844924159348,1.0,1e-04
0.0010155109921470284,1.0,1e-04
0.0007320569129660726,1.0,1e-04
0.0011209648801013827,1.0,1e-04
0.0017867542337626219,1.0,1e-04
0.0007557583739981055,1.0,1e-04
0.0014738304307684302,1.0,1e-04
0.0007184474961832166,1.0,1e-04
0.0009600856574252248,1.0,1e-04
0.0010796014685183764,1.0,1e-04
0.0008162466692738235,1.0,1e-04
0.001277828123420477,1.0,1e-04
0.0004636830126401037,1.0,1e-04
0.0013142877724021673,1.0,1e-04
0.0013736020773649216,1.0,1e-04
0.000912615389097482,1.0,1e-04
0.0009074212284758687,1.0,1e-04
0.0007483593071810901,1.0,1e-04
0.0010514181340113282,1.0,1e-04
0.001047005644068122,1.0,1e-04
0.0010783043690025806,1.0,1e-04
0.00042699844925664365,1.0,1e-04
0.000738288857974112,1.0,1e-04
0.0006940393941476941,1.0,1e-04
0.0012524937046691775,1.0,1e-04
0.0007477315957657993,1.0,1e-04
0.0011588921770453453,1.0,1e-04
0.0010439439211040735,1.0,1e-04
0.0011171808000653982,1.0,1e-04
0.0011403585085645318,1.0,1e-04
0.0007339927833527327,1.0,1e-04
0.0015422938158735633,1.0,1e-04
0.0007983651012182236,1.0,1e-04
0.0007195094367489219,1.0,1e-04
0.0006242679664865136,1.0,1e-04
0.0016400758177042007,1.0,1e-04
0.0008341845823451877,1.0,1e-04
0.0006627284456044436,1.0,1e-04
0.0009342118864879012,1.0,1e-04
0.001536298543214798,1.0,1e-04
0.0019179933005943894,1.0,1e-04
0.0009826874593272805,1.0,1e-04
0.0009704938274808228,1.0,1e-04
0.0011652604443952441,1.0,1e-04
0.0012110506650060415,1.0,1e-04
0.0009812851203605533,1.0,1e-04
0.0005865551647730172,1.0,1e-04
0.0006494928384199739,1.0,1e-04
0.0006511001265607774,1.0,1e-04
0.000974395137745887,1.0,1e-04
0.0011366908438503742,1.0,1e-04
0.0015034143580123782,1.0,1e-04
0.0012817408423870802,1.0,1e-04
0.0013409960083663464,1.0,1e-04
0.0009532755939289927,1.0,1e-04
0.000460032228147611,1.0,1e-04
0.0009153276914730668,1.0,1e-04
0.00045683368807658553,1.0,1e-04
0.0007950622821226716,1.0,1e-04
0.0013679463881999254,1.0,1e-04
0.000803019676823169,1.0,1e-04
0.001302484655752778,1.0,1e-04
0.001173939905129373,1.0,1e-04
0.0004864093498326838,1.0,1e-04
0.00043495401041582227,1.0,1e-04
0.0009668701095506549,1.0,1e-04
0.0010346794733777642,1.0,1e-04
0.0008515141671523452,1.0,1e-04
0.000930964364670217,1.0,1e-04
0.0009272668394260108,1.0,1e-04
0.0010090394644066691,1.0,1e-04
0.0009905070764943957,1.0,1e-04
0.0004770738014485687,1.0,1e-04
0.001278901705518365,1.0,1e-04
0.0009310924215242267,1.0,1e-04
0.0007096052868291736,1.0,1e-04
0.0011720893671736121,1.0,1e-04
0.0005892529152333736,1.0,1e-04
0.000788292963989079,1.0,1e-04
0.0011531449854373932,1.0,1e-04
0.0011627800995483994,1.0,1e-04
0.00039059045957401395,1.0,1e-04
0.000989888096228242,1.0,1e-04
0.0005314638838171959,1.0,1e-04
0.0006708925939165056,1.0,1e-04
0.000896926037967205,1.0,1e-04
0.0007823255727998912,1.0,1e-04
0.0006681542145088315,1.0,1e-04
0.0006788971950300038,1.0,1e-04
0.0008082046988420188,1.0,1e-04
0.0010258007096126676,1.0,1e-04
0.001078247674740851,1.0,1e-04
0.0003702355606947094,1.0,1e-04
0.001320002251304686,1.0,1e-04
0.00045585172483697534,1.0,1e-04
0.0013334230752661824,1.0,1e-04
0.0006626928807236254,1.0,1e-04
0.0007076767506077886,1.0,1e-04
0.001229636836796999,1.0,1e-04
0.0009557543089613318,1.0,1e-04
0.0011109675979241729,1.0,1e-04
0.0007921451469883323,1.0,1e-04
0.0003624977543950081,1.0,1e-04
0.0005322684301063418,1.0,1e-04
0.00054103450383991,1.0,1e-04
0.0008938938262872398,1.0,1e-04
0.0009100862080231309,1.0,1e-04
0.0012097450671717525,1.0,1e-04
0.0010013338178396225,1.0,1e-04
0.0012064420152455568,1.0,1e-04
0.0010878853499889374,1.0,1e-04
0.0008075785008259118,1.0,1e-04
0.0008945079753175378,1.0,1e-04
0.0004092119634151459,1.0,1e-04
0.0006490290979854763,1.0,1e-04
0.0011140602873638272,1.0,1e-04
0.0009594677248969674,1.0,1e-04
0.0008472882327623665,1.0,1e-04
0.0003845923056360334,1.0,1e-04
0.0007634375360794365,1.0,1e-04
0.0009531921823509037,1.0,1e-04
0.0005160385626368225,1.0,1e-04
0.0008578808046877384,1.0,1e-04
0.0007434890721924603,1.0,1e-04
0.0006230442086234689,1.0,1e-04
0.0006315317004919052,1.0,1e-04
0.00094857148360461,1.0,1e-04
0.0006684858817607164,1.0,1e-04
0.0007212565396912396,1.0,1e-04
0.0005374656757339835,1.0,1e-04
0.0008905351278372109,1.0,1e-04
0.000795240979641676,1.0,1e-04
0.000673241913318634,1.0,1e-04
0.0005576535477302969,1.0,1e-04
0.0009402731666341424,1.0,1e-04
0.000582025502808392,1.0,1e-04
0.0006419132696464658,1.0,1e-04
0.00026890423032455146,1.0,1e-04
0.0005482666892930865,1.0,1e-04
0.0007242841529659927,1.0,1e-04
0.0005505605950020254,1.0,1e-04
0.0004803928604815155,1.0,1e-04
0.0005716352025046945,1.0,1e-04
0.0009263403480872512,1.0,1e-04
0.0006493233959190547,1.0,1e-04
0.0007725172326900065,1.0,1e-04
0.0005073234206065536,1.0,1e-04
0.000627137313131243,1.0,1e-04
0.00046173279406502843,1.0,1e-04
0.0010641072876751423,1.0,1e-04
0.00036292982986196876,1.0,1e-04
0.0007752100354991853,1.0,1e-04
0.0009978096932172775,1.0,1e-04
0.0004260559508111328,1.0,1e-04
0.00047544328845106065,1.0,1e-04
0.0006569229299202561,1.0,1e-04
0.0009216453763656318,1.0,1e-04
0.00039088429184630513,1.0,1e-04
0.001073832856491208,1.0,1e-04
0.0003394763916730881,1.0,1e-04
0.0008204223704524338,1.0,1e-04
0.0008831568993628025,1.0,1e-04
0.000849906646180898,1.0,1e-04
0.0012054041726514697,1.0,1e-04
0.0010713343508541584,1.0,1e-04
0.0009052916429936886,1.0,1e-04
0.0007864612271077931,1.0,1e-04
0.0005618038703687489,1.0,1e-04
0.0006541806505993009,1.0,1e-04
0.0002892740594688803,1.0,1e-04
0.0010281668510288,1.0,1e-04
0.0011121234856545925,1.0,1e-04
0.0004813256673514843,1.0,1e-04
0.0005862670368514955,1.0,1e-04
0.0006392341456376016,1.0,1e-04
0.00046577988541685045,1.0,1e-04
0.0005914258654229343,1.0,1e-04
0.0011772443540394306,1.0,1e-04
0.0006601194618269801,1.0,1e-04
0.00024790994939394295,1.0,1e-04
0.0007092159357853234,1.0,1e-04
